{
    "m_IsActive": true,
    "m_Name": "Spider",
    "m_Transform": {
        "constrainPositionX": false,
        "constrainPositionY": false,
        "constrainPositionZ": false,
        "constrainRotationX": false,
        "constrainRotationY": false,
        "constrainRotationZ": false,
        "constrainScaleX": false,
        "constrainScaleY": false,
        "constrainScaleZ": false,
        "m_IsCamera": false,
        "m_Orientation": {
            "w": 0.5728472471237183,
            "x": 0.43355199694633484,
            "y": 0.4075549840927124,
            "z": -0.5637177228927612
        },
        "m_Position": {
            "x": -9.399999618530273,
            "y": 3.0,
            "z": -0.10000000149011612
        },
        "m_Scale": {
            "x": 0.5099999904632568,
            "y": 0.5199999809265137,
            "z": 0.5099999904632568
        }
    }
}