{
    "m_Color": {
        "a": 1.0,
        "b": 0.5319934487342834,
        "g": 0.593137264251709,
        "r": 0.1773596853017807
    },
    "m_IsTextured": true
}