{
    "m_IsActive": true,
    "m_Name": "Spider5",
    "m_Transform": {
        "constrainPositionX": false,
        "constrainPositionY": false,
        "constrainPositionZ": false,
        "constrainRotationX": false,
        "constrainRotationY": false,
        "constrainRotationZ": false,
        "constrainScaleX": false,
        "constrainScaleY": false,
        "constrainScaleZ": false,
        "m_IsCamera": false,
        "m_Orientation": {
            "w": 0.18223553895950317,
            "x": 0.0,
            "y": 0.9832549095153809,
            "z": 0.0
        },
        "m_Position": {
            "x": -7.400000095367432,
            "y": 0.20000000298023224,
            "z": 3.799999952316284
        },
        "m_Scale": {
            "x": 0.30000001192092896,
            "y": 0.30000001192092896,
            "z": 0.30000001192092896
        }
    }
}