{
    "m_Ambient": {
        "x": 0.3100000023841858,
        "y": 1.0,
        "z": 0.7300000190734863
    },
    "m_Attenuation": {
        "m_Constant": 0.8299999833106995,
        "m_Exponent": 0.1770000010728836,
        "m_Linear": 3.130000114440918
    },
    "m_Diffuse": {
        "x": 0.0,
        "y": 0.0,
        "z": 0.0
    },
    "m_Enabled": true,
    "m_Name": "PointLight",
    "m_Specular": {
        "x": 0.0,
        "y": 0.0,
        "z": 0.0
    }
}