{
    "m_Enabled": true,
    "m_MouseSensitivity": 0.10000000149011612,
    "m_MovementSpeed": 5.0,
    "m_Name": "FreeCamera",
    "m_Pitch": 20.200021743774414,
    "m_Yaw": -115.30005645751953,
    "m_ZFar": 100.0,
    "m_ZNear": 0.10000000149011612,
    "m_Zoom": 45.0
}