{
    "m_Ambient": {
        "x": 1.0,
        "y": 0.5099999904632568,
        "z": 0.029999999329447746
    },
    "m_Attenuation": {
        "m_Constant": 0.9399999976158142,
        "m_Exponent": 0.0949999988079071,
        "m_Linear": 0.5400000214576721
    },
    "m_Diffuse": {
        "x": 1.0,
        "y": 0.5799999833106995,
        "z": 0.05000000074505806
    },
    "m_Enabled": true,
    "m_Name": "PointLight",
    "m_Specular": {
        "x": 1.0,
        "y": 0.5,
        "z": 0.05000000074505806
    }
}