{
    "m_Ambient": {
        "x": 0.10000000149011612,
        "y": 0.10000000149011612,
        "z": 0.10000000149011612
    },
    "m_Attenuation": {
        "m_Constant": 1.0,
        "m_Exponent": 0.03200000151991844,
        "m_Linear": 0.09000000357627869
    },
    "m_Cutoff": 12.5,
    "m_Diffuse": {
        "x": 0.800000011920929,
        "y": 0.800000011920929,
        "z": 0.800000011920929
    },
    "m_Enabled": true,
    "m_Name": "SpotLight",
    "m_OuterCutoff": 17.5,
    "m_Specular": {
        "x": 1.0,
        "y": 1.0,
        "z": 1.0
    }
}