{
    "m_Ambient": {
        "x": 0.3100000023841858,
        "y": 1.0,
        "z": 0.7300000190734863
    },
    "m_Attenuation": {
        "m_Constant": 0.38999998569488525,
        "m_Exponent": 0.14900000393390656,
        "m_Linear": 1.4500000476837158
    },
    "m_Diffuse": {
        "x": 0.0,
        "y": 0.0,
        "z": 0.0
    },
    "m_Enabled": true,
    "m_Name": "PointLight",
    "m_Specular": {
        "x": 0.0,
        "y": 0.0,
        "z": 0.0
    }
}