{
    "m_Color": {
        "a": 1.0,
        "b": 0.39167624711990356,
        "g": 0.39167624711990356,
        "r": 0.7990195751190186
    },
    "m_IsTextured": false
}