{
    "m_Color": {
        "a": 1.0,
        "b": 0.34771695733070374,
        "g": 0.4019607901573181,
        "r": 0.26009228825569153
    },
    "m_IsTextured": false
}