{
    "m_Color": {
        "a": 1.0,
        "b": 1.0,
        "g": 0.0049019455909729,
        "r": 0.94345623254776
    },
    "m_IsTextured": false
}