{
    "m_Color": {
        "a": 1.0,
        "b": 0.7598518133163452,
        "g": 0.7990195751190186,
        "r": 0.5326796770095825
    },
    "m_IsTextured": false
}