{
    "m_Ambient": {
        "x": 0.9700000286102295,
        "y": 0.47999998927116394,
        "z": 0.0
    },
    "m_Attenuation": {
        "m_Constant": 0.4699999988079071,
        "m_Exponent": 0.35899999737739563,
        "m_Linear": 0.41999998688697815
    },
    "m_Diffuse": {
        "x": 0.0,
        "y": 0.0,
        "z": 0.0
    },
    "m_Enabled": true,
    "m_Name": "PointLight",
    "m_Specular": {
        "x": 0.0,
        "y": 0.0,
        "z": 0.0
    }
}