{
    "m_Color": {
        "a": 1.0,
        "b": 0.9660770893096924,
        "g": 0.0049019455909729,
        "r": 1.0
    },
    "m_IsTextured": false
}