{
    "m_Ambient": {
        "x": 1.0,
        "y": 0.5099999904632568,
        "z": 0.0
    },
    "m_Attenuation": {
        "m_Constant": 0.3799999952316284,
        "m_Exponent": 0.04100000113248825,
        "m_Linear": 1.0700000524520874
    },
    "m_Diffuse": {
        "x": 1.0,
        "y": 0.550000011920929,
        "z": 0.0
    },
    "m_Enabled": true,
    "m_Name": "PointLight",
    "m_Specular": {
        "x": 1.0,
        "y": 0.5199999809265137,
        "z": 0.0
    }
}