{
    "m_Ambient": {
        "x": 0.8799999952316284,
        "y": 0.30000001192092896,
        "z": 0.029999999329447746
    },
    "m_Attenuation": {
        "m_Constant": 0.9399999976158142,
        "m_Exponent": 0.07000000029802322,
        "m_Linear": 0.20000000298023224
    },
    "m_Diffuse": {
        "x": 0.8600000143051147,
        "y": 0.3199999928474426,
        "z": 0.05000000074505806
    },
    "m_Enabled": false,
    "m_Name": "PointLight",
    "m_Specular": {
        "x": 0.6800000071525574,
        "y": 0.3199999928474426,
        "z": 0.05000000074505806
    }
}