{
    "m_Ambient": {
        "x": 0.5099999904632568,
        "y": 0.3400000035762787,
        "z": 0.25
    },
    "m_Attenuation": {
        "m_Constant": 0.6399999856948853,
        "m_Exponent": 0.004999999888241291,
        "m_Linear": 0.09000000357627869
    },
    "m_Diffuse": {
        "x": 0.25,
        "y": 0.3199999928474426,
        "z": 0.30000001192092896
    },
    "m_Enabled": true,
    "m_Name": "PointLight",
    "m_Specular": {
        "x": 0.15000000596046448,
        "y": 0.2800000011920929,
        "z": 0.18000000715255737
    }
}