{
    "m_IsActive": true,
    "m_Name": "Brunnen",
    "m_Transform": {
        "constrainPositionX": false,
        "constrainPositionY": false,
        "constrainPositionZ": false,
        "constrainRotationX": false,
        "constrainRotationY": false,
        "constrainRotationZ": false,
        "constrainScaleX": false,
        "constrainScaleY": false,
        "constrainScaleZ": false,
        "m_IsCamera": false,
        "m_Orientation": {
            "w": 0.9170600771903992,
            "x": 0.0,
            "y": 0.39874905347824097,
            "z": 0.0
        },
        "m_Position": {
            "x": 11.800000190734863,
            "y": 0.30000001192092896,
            "z": 0.30000001192092896
        },
        "m_Scale": {
            "x": 0.4000000059604645,
            "y": 0.4000000059604645,
            "z": 0.4000000059604645
        }
    }
}