{
    "m_Ambient": {
        "x": 0.30000001192092896,
        "y": 0.30000001192092896,
        "z": 0.30000001192092896
    },
    "m_Diffuse": {
        "x": 0.699999988079071,
        "y": 0.699999988079071,
        "z": 0.699999988079071
    },
    "m_Direction": {
        "x": -0.20000000298023224,
        "y": -1.0,
        "z": -0.30000001192092896
    },
    "m_Enabled": true,
    "m_Name": "DirectionalLight",
    "m_Specular": {
        "x": 0.699999988079071,
        "y": 0.699999988079071,
        "z": 0.699999988079071
    }
}