{
    "m_Enabled": true,
    "m_IsMainCamera": true,
    "m_MouseSensitivity": 0.10000000149011612,
    "m_MovementSpeed": 5.0,
    "m_Name": "FreeCamera",
    "m_Pitch": -5.200042724609375,
    "m_Yaw": -101.89999389648438,
    "m_ZFar": 100.0,
    "m_ZNear": 0.10000000149011612,
    "m_Zoom": 45.0
}