{
    "m_IsActive": true,
    "m_Name": "Spider6",
    "m_Transform": {
        "constrainPositionX": false,
        "constrainPositionY": false,
        "constrainPositionZ": false,
        "constrainRotationX": false,
        "constrainRotationY": false,
        "constrainRotationZ": false,
        "constrainScaleX": false,
        "constrainScaleY": false,
        "constrainScaleZ": false,
        "m_IsCamera": false,
        "m_Orientation": {
            "w": 0.3079320192337036,
            "x": 0.6490756869316101,
            "y": 0.6218004822731018,
            "z": -0.3118378818035126
        },
        "m_Position": {
            "x": -9.399999618530273,
            "y": 3.0,
            "z": 3.799999952316284
        },
        "m_Scale": {
            "x": 0.30000001192092896,
            "y": 0.30000001192092896,
            "z": 0.30000001192092896
        }
    }
}