{
    "m_Ambient": {
        "x": 0.4000000059604645,
        "y": 0.4000000059604645,
        "z": 0.4000000059604645
    },
    "m_Diffuse": {
        "x": 0.0,
        "y": 0.0,
        "z": 0.0
    },
    "m_Direction": {
        "x": 0.0,
        "y": -1.0,
        "z": 0.0
    },
    "m_Enabled": true,
    "m_Name": "DirectionalLight",
    "m_SetAsSceneLight": true,
    "m_Specular": {
        "x": 0.0,
        "y": 0.0,
        "z": 0.0
    }
}