{
    "m_Ambient": {
        "x": 0.6700000166893005,
        "y": 0.6499999761581421,
        "z": 0.75
    },
    "m_Diffuse": {
        "x": 0.6399999856948853,
        "y": 0.6800000071525574,
        "z": 0.6200000047683716
    },
    "m_Direction": {
        "x": 0.0,
        "y": -1.0,
        "z": 0.0
    },
    "m_Enabled": true,
    "m_Name": "DirectionalLight",
    "m_SetAsSceneLight": true,
    "m_Specular": {
        "x": 0.0,
        "y": 0.0,
        "z": 0.0
    }
}